track_id, score, rank
.\tracks\2afd86ab-4960-435f-be45-103abc7ad24a__5855807a-586e-4231-8e7d-0f4fda055a4e.wav,0.8278547326501304,1
.\tracks\3753dcdb-c389-4fc5-9ee7-cf1b20d54bec__0f9bee3c-ca91-446f-870d-f6419884eb55.wav,0.7806111346940088,2
.\tracks\2f26152c-be35-4c63-bf2f-e7dc0763e89a__ae2be6a7-3996-4405-bd2b-90d632a044a6.wav,0.7549246796135047,3
.\tracks\6c9d4d27-7899-4d4d-87c3-d72efdd41f25__958ff26d-0906-4a49-a9b9-d06bf5fbe897.wav,0.7205466460455627,4
.\tracks\c552160e-3c3e-4d52-a6e8-b893318d69ad__c0f4ce85-2b1f-48c3-a5f8-9e79877aa3d1.wav,0.6996152265850767,5
.\tracks\687ca599-94fe-43cd-b713-2a8e558de414__bd7d24fc-c116-456e-bac5-dd1a8d106318.wav,0.6819572259776393,6
.\tracks\9aa27589-d405-462b-9a64-bdb9252fc9d7__29034127-d05a-4390-ab1b-fbbf6c5e43f8.wav,0.5324419919911818,7
.\tracks\37d57bcc-d352-42f8-b167-e9e358109840__4e804271-b139-4075-b546-3ac72cb63f49.wav,0.4586883537664666,8
.\tracks\37560465-df71-403d-a3fb-1f09126c540c__6a589d8e-e11d-4557-8de1-42280f1e15f7.wav,0.4489908659985191,9
.\tracks\7198e9a7-d538-4504-a772-5ea01898e9d8__aaa82686-bcd5-491b-90be-defa8c914832.wav,0.3040811438825573,10
.\tracks\46f3af51-e8f0-4ad3-a215-a60356029b4e__ad7712f1-89c1-4f63-93a3-b4b098da44d3.wav,0,11
.\tracks\4c424844-174a-4e63-9956-469d18fb8ee3__f00374d8-8016-4c58-845d-debe862f77fd.wav,0,12
