track_id, phrase_number, status, phrase_score, label, reason
.\tracks\2afd86ab-4960-435f-be45-103abc7ad24a__5855807a-586e-4231-8e7d-0f4fda055a4e.wav,1,scored,0.8502112037107674,N/A,N/A
.\tracks\2afd86ab-4960-435f-be45-103abc7ad24a__5855807a-586e-4231-8e7d-0f4fda055a4e.wav,2,scored,0.8395821563934606,N/A,N/A
.\tracks\2afd86ab-4960-435f-be45-103abc7ad24a__5855807a-586e-4231-8e7d-0f4fda055a4e.wav,3,scored,0.7609814086360709,N/A,N/A
.\tracks\2afd86ab-4960-435f-be45-103abc7ad24a__5855807a-586e-4231-8e7d-0f4fda055a4e.wav,4,scored,0.8764182811758295,N/A,N/A
.\tracks\2f26152c-be35-4c63-bf2f-e7dc0763e89a__ae2be6a7-3996-4405-bd2b-90d632a044a6.wav,1,scored,0.7360513448701421,N/A,N/A
.\tracks\2f26152c-be35-4c63-bf2f-e7dc0763e89a__ae2be6a7-3996-4405-bd2b-90d632a044a6.wav,2,scored,0.8662212419555059,N/A,N/A
.\tracks\2f26152c-be35-4c63-bf2f-e7dc0763e89a__ae2be6a7-3996-4405-bd2b-90d632a044a6.wav,3,scored,0.7055037601468509,N/A,N/A
.\tracks\2f26152c-be35-4c63-bf2f-e7dc0763e89a__ae2be6a7-3996-4405-bd2b-90d632a044a6.wav,4,scored,0.6774989715464343,N/A,N/A
.\tracks\3753dcdb-c389-4fc5-9ee7-cf1b20d54bec__0f9bee3c-ca91-446f-870d-f6419884eb55.wav,1,scored,0.8193634486099377,N/A,N/A
.\tracks\3753dcdb-c389-4fc5-9ee7-cf1b20d54bec__0f9bee3c-ca91-446f-870d-f6419884eb55.wav,2,scored,0.7318604909193136,N/A,N/A
.\tracks\3753dcdb-c389-4fc5-9ee7-cf1b20d54bec__0f9bee3c-ca91-446f-870d-f6419884eb55.wav,3,scored,0.7594403776823919,N/A,N/A
.\tracks\3753dcdb-c389-4fc5-9ee7-cf1b20d54bec__0f9bee3c-ca91-446f-870d-f6419884eb55.wav,4,scored,0.8343268765115819,N/A,N/A
.\tracks\37560465-df71-403d-a3fb-1f09126c540c__6a589d8e-e11d-4557-8de1-42280f1e15f7.wav,1,scored,0.5321590198460555,N/A,N/A
.\tracks\37560465-df71-403d-a3fb-1f09126c540c__6a589d8e-e11d-4557-8de1-42280f1e15f7.wav,2,scored,0.31467953207658345,N/A,N/A
.\tracks\37560465-df71-403d-a3fb-1f09126c540c__6a589d8e-e11d-4557-8de1-42280f1e15f7.wav,3,scored,0.410429476059519,N/A,N/A
.\tracks\37560465-df71-403d-a3fb-1f09126c540c__6a589d8e-e11d-4557-8de1-42280f1e15f7.wav,4,scored,0.6015757052271612,N/A,N/A
.\tracks\37d57bcc-d352-42f8-b167-e9e358109840__4e804271-b139-4075-b546-3ac72cb63f49.wav,1,scored,0.3265369376580805,N/A,N/A
.\tracks\37d57bcc-d352-42f8-b167-e9e358109840__4e804271-b139-4075-b546-3ac72cb63f49.wav,2,scored,0.5626417128934217,N/A,N/A
.\tracks\37d57bcc-d352-42f8-b167-e9e358109840__4e804271-b139-4075-b546-3ac72cb63f49.wav,3,scored,0.3465218329949087,N/A,N/A
.\tracks\37d57bcc-d352-42f8-b167-e9e358109840__4e804271-b139-4075-b546-3ac72cb63f49.wav,4,scored,0.6498090744698505,N/A,N/A
.\tracks\46f3af51-e8f0-4ad3-a215-a60356029b4e__ad7712f1-89c1-4f63-93a3-b4b098da44d3.wav,1,scored,0.2630103227365959,N/A,N/A
.\tracks\46f3af51-e8f0-4ad3-a215-a60356029b4e__ad7712f1-89c1-4f63-93a3-b4b098da44d3.wav,2,skipped,null,skipped,Too-short voiced segments
.\tracks\46f3af51-e8f0-4ad3-a215-a60356029b4e__ad7712f1-89c1-4f63-93a3-b4b098da44d3.wav,3,scored,0.18129565865251349,N/A,N/A
.\tracks\46f3af51-e8f0-4ad3-a215-a60356029b4e__ad7712f1-89c1-4f63-93a3-b4b098da44d3.wav,4,scored,0.2814348636557123,N/A,N/A
.\tracks\4c424844-174a-4e63-9956-469d18fb8ee3__f00374d8-8016-4c58-845d-debe862f77fd.wav,1,skipped,null,skipped,Low RMS
.\tracks\4c424844-174a-4e63-9956-469d18fb8ee3__f00374d8-8016-4c58-845d-debe862f77fd.wav,2,skipped,null,skipped,Low RMS
.\tracks\4c424844-174a-4e63-9956-469d18fb8ee3__f00374d8-8016-4c58-845d-debe862f77fd.wav,3,skipped,null,skipped,Low RMS
.\tracks\4c424844-174a-4e63-9956-469d18fb8ee3__f00374d8-8016-4c58-845d-debe862f77fd.wav,4,skipped,null,skipped,Low RMS
.\tracks\687ca599-94fe-43cd-b713-2a8e558de414__bd7d24fc-c116-456e-bac5-dd1a8d106318.wav,1,scored,0.6913780220244966,N/A,N/A
.\tracks\687ca599-94fe-43cd-b713-2a8e558de414__bd7d24fc-c116-456e-bac5-dd1a8d106318.wav,2,scored,0.6477304760406336,N/A,N/A
.\tracks\687ca599-94fe-43cd-b713-2a8e558de414__bd7d24fc-c116-456e-bac5-dd1a8d106318.wav,3,scored,0.6637860747943101,N/A,N/A
.\tracks\687ca599-94fe-43cd-b713-2a8e558de414__bd7d24fc-c116-456e-bac5-dd1a8d106318.wav,4,scored,0.750243783158275,N/A,N/A
.\tracks\6c9d4d27-7899-4d4d-87c3-d72efdd41f25__958ff26d-0906-4a49-a9b9-d06bf5fbe897.wav,1,scored,0.8168566500905827,N/A,N/A
.\tracks\6c9d4d27-7899-4d4d-87c3-d72efdd41f25__958ff26d-0906-4a49-a9b9-d06bf5fbe897.wav,2,scored,0.6664262079451777,N/A,N/A
.\tracks\6c9d4d27-7899-4d4d-87c3-d72efdd41f25__958ff26d-0906-4a49-a9b9-d06bf5fbe897.wav,3,scored,0.7063379356027243,N/A,N/A
.\tracks\6c9d4d27-7899-4d4d-87c3-d72efdd41f25__958ff26d-0906-4a49-a9b9-d06bf5fbe897.wav,4,scored,0.6894945881559201,N/A,N/A
.\tracks\7198e9a7-d538-4504-a772-5ea01898e9d8__aaa82686-bcd5-491b-90be-defa8c914832.wav,1,scored,0.37339531208131704,N/A,N/A
.\tracks\7198e9a7-d538-4504-a772-5ea01898e9d8__aaa82686-bcd5-491b-90be-defa8c914832.wav,2,scored,0.159660031358426,N/A,N/A
.\tracks\7198e9a7-d538-4504-a772-5ea01898e9d8__aaa82686-bcd5-491b-90be-defa8c914832.wav,3,scored,0.20724333708985915,N/A,N/A
.\tracks\7198e9a7-d538-4504-a772-5ea01898e9d8__aaa82686-bcd5-491b-90be-defa8c914832.wav,4,scored,0.579615315565016,N/A,N/A
.\tracks\9aa27589-d405-462b-9a64-bdb9252fc9d7__29034127-d05a-4390-ab1b-fbbf6c5e43f8.wav,1,scored,0.6179577881277265,N/A,N/A
.\tracks\9aa27589-d405-462b-9a64-bdb9252fc9d7__29034127-d05a-4390-ab1b-fbbf6c5e43f8.wav,2,scored,0.6327520976536302,N/A,N/A
.\tracks\9aa27589-d405-462b-9a64-bdb9252fc9d7__29034127-d05a-4390-ab1b-fbbf6c5e43f8.wav,3,scored,0.37940226130765886,N/A,N/A
.\tracks\9aa27589-d405-462b-9a64-bdb9252fc9d7__29034127-d05a-4390-ab1b-fbbf6c5e43f8.wav,4,scored,0.47638030991067803,N/A,N/A
.\tracks\c552160e-3c3e-4d52-a6e8-b893318d69ad__c0f4ce85-2b1f-48c3-a5f8-9e79877aa3d1.wav,1,scored,0.7777599113594239,N/A,N/A
.\tracks\c552160e-3c3e-4d52-a6e8-b893318d69ad__c0f4ce85-2b1f-48c3-a5f8-9e79877aa3d1.wav,2,scored,0.6799544780696157,N/A,N/A
.\tracks\c552160e-3c3e-4d52-a6e8-b893318d69ad__c0f4ce85-2b1f-48c3-a5f8-9e79877aa3d1.wav,3,scored,0.571116235112896,N/A,N/A
.\tracks\c552160e-3c3e-4d52-a6e8-b893318d69ad__c0f4ce85-2b1f-48c3-a5f8-9e79877aa3d1.wav,4,scored,0.8097657765804023,N/A,N/A
